SAMPLE_ID,TOTAL_READS,DUPLIC_RATE,INSERT_SIZE_PEAK,INSERT_SIZE_UNKNOWN,GC_CONT_BEFORE_FILT,GC_CONT_AFTER_FILT,PASSED_FILT_READS,PASSED_FILT_RATIO,LOW_QUAL_READS,LOW_QUAL_RATIO,TOO_MANY_N_READS,TOO_MANY_N_RATIO,TOO_SHORT_READS,TOO_SHORT_RATIO
Sample1,4871688,0.295825,41,127409,0.554996,0.555087,4832898,99.2037667436831,37934,0.7786623445508005,0,0.0,856,0.01757091176610653
Sample2,5893786,0.279419,41,125175,0.542507,0.538308,5844028,99.15575489167743,48486,0.8226630556318129,0,0.0,1272,0.021582052690749205
Sample3,5230744,0.242791,41,115954,0.543742,0.541459,5186012,99.14482528680433,43250,0.826842223591902,0,0.0,1482,0.02833248960377338
